configuration,repetition,jeu,mode,verdict,image,replis,replis_admis,replis_detail,ms_image,ms_image_preuve,plancher,rejeu_erreurs,capture_ecart,ref,fenetre,duree_s,charge_hote,dossier,motifs,motifs_execution
m4,1,DOOM 3 Demo,fenêtre,rouge,—,15,32,,42.2,,76,,,,4401..4631,225,"0 autre(s) QEMU, charge 2.07 ; après la mesure : 0 autre(s) QEMU, charge 3.73",bench/tcg/ab/m4-20261006/m4-1/d3-fen,tour sans vidage (--sans-vidage) : vitesse et replis seulement,tour sans vidage (--sans-vidage) : vitesse et replis seulement
m4,2,DOOM 3 Demo,fenêtre,rouge,—,17,34,,42.2,,76,,,,4394..4624,214,"0 autre(s) QEMU, charge 2.31 ; après la mesure : 0 autre(s) QEMU, charge 2.73",bench/tcg/ab/m4-20261006/m4-2/d3-fen,tour sans vidage (--sans-vidage) : vitesse et replis seulement,tour sans vidage (--sans-vidage) : vitesse et replis seulement
m4,3,DOOM 3 Demo,fenêtre,rouge,—,13,28,,42.2,,76,,,,4420..4650,204,"0 autre(s) QEMU, charge 1.84 ; après la mesure : 0 autre(s) QEMU, charge 3.25",bench/tcg/ab/m4-20261006/m4-3/d3-fen,tour sans vidage (--sans-vidage) : vitesse et replis seulement,tour sans vidage (--sans-vidage) : vitesse et replis seulement
m4,4,DOOM 3 Demo,fenêtre,rouge,—,14,30,,42.2,,76,,,,4379..4609,205,"0 autre(s) QEMU, charge 1.69 ; après la mesure : 0 autre(s) QEMU, charge 2.13",bench/tcg/ab/m4-20261006/m4-4/d3-fen,tour sans vidage (--sans-vidage) : vitesse et replis seulement,tour sans vidage (--sans-vidage) : vitesse et replis seulement
m4,5,DOOM 3 Demo,fenêtre,rouge,—,17,36,,41.9,,76,,,,4432..4662,215,"0 autre(s) QEMU, charge 1.80 ; après la mesure : 0 autre(s) QEMU, charge 2.45",bench/tcg/ab/m4-20261006/m4-5/d3-fen,tour sans vidage (--sans-vidage) : vitesse et replis seulement,tour sans vidage (--sans-vidage) : vitesse et replis seulement
m4,6,DOOM 3 Demo,fenêtre,rouge,—,14,30,,42.0,,76,,,,4423..4653,204,"0 autre(s) QEMU, charge 1.71 ; après la mesure : 0 autre(s) QEMU, charge 1.86",bench/tcg/ab/m4-20261006/m4-6/d3-fen,tour sans vidage (--sans-vidage) : vitesse et replis seulement,tour sans vidage (--sans-vidage) : vitesse et replis seulement
ref,1,DOOM 3 Demo,fenêtre,rouge,—,16,32,,44.5,,76,,,,4297..4527,213,"0 autre(s) QEMU, charge 1.39 ; après la mesure : 0 autre(s) QEMU, charge 2.73",bench/tcg/ab/m4-20261006/ref-1/d3-fen,tour sans vidage (--sans-vidage) : vitesse et replis seulement,tour sans vidage (--sans-vidage) : vitesse et replis seulement
ref,2,DOOM 3 Demo,fenêtre,rouge,—,16,32,,44.8,,76,,,,4210..4440,215,"0 autre(s) QEMU, charge 1.75 ; après la mesure : 0 autre(s) QEMU, charge 2.75",bench/tcg/ab/m4-20261006/ref-2/d3-fen,tour sans vidage (--sans-vidage) : vitesse et replis seulement,tour sans vidage (--sans-vidage) : vitesse et replis seulement
ref,3,DOOM 3 Demo,fenêtre,rouge,—,16,34,,49.8,,76,,,,4269..4499,215,"0 autre(s) QEMU, charge 1.48 ; après la mesure : 0 autre(s) QEMU, charge 3.34",bench/tcg/ab/m4-20261006/ref-3/d3-fen,tour sans vidage (--sans-vidage) : vitesse et replis seulement,tour sans vidage (--sans-vidage) : vitesse et replis seulement
ref,4,DOOM 3 Demo,fenêtre,rouge,—,13,28,,45.0,,76,,,,4236..4466,204,"0 autre(s) QEMU, charge 2.24 ; après la mesure : 0 autre(s) QEMU, charge 2.54",bench/tcg/ab/m4-20261006/ref-4/d3-fen,tour sans vidage (--sans-vidage) : vitesse et replis seulement,tour sans vidage (--sans-vidage) : vitesse et replis seulement
ref,5,DOOM 3 Demo,fenêtre,rouge,—,16,32,,45.3,,76,,,,4210..4440,215,"0 autre(s) QEMU, charge 2.29 ; après la mesure : 0 autre(s) QEMU, charge 2.22",bench/tcg/ab/m4-20261006/ref-5/d3-fen,tour sans vidage (--sans-vidage) : vitesse et replis seulement,tour sans vidage (--sans-vidage) : vitesse et replis seulement
ref,6,DOOM 3 Demo,fenêtre,rouge,—,13,28,,44.8,,76,,,,4274..4504,204,"0 autre(s) QEMU, charge 2.32 ; après la mesure : 0 autre(s) QEMU, charge 2.91",bench/tcg/ab/m4-20261006/ref-6/d3-fen,tour sans vidage (--sans-vidage) : vitesse et replis seulement,tour sans vidage (--sans-vidage) : vitesse et replis seulement
